<?xml version="1.0" encoding="UTF-8"?>
<!DOCTYPE hibernate-configuration PUBLIC
        "-//Hibernate/Hibernate Configuration DTD 3.0//EN"
        "http://www.hibernate.org/dtd/hibernate-configuration-3.0.dtd">
<hibernate-configuration>
    <session-factory>
        <!-- JDBC Database connection settings -->
        <property name="hibernate.connection.driver_class">com.mysql.cj.jdbc.Driver</property>
        <property name="hibernate.connection.url">jdbc:mysql://localhost:3306/travel</property>
        <property name="hibernate.connection.username">root</property>
        <property name="hibernate.connection.password">Anju818002</property>

        <!-- JDBC connection pool settings -->
        <property name="hibernate.c3p0.min_size">5</property>
        <property name="hibernate.c3p0.max_size">20</property>
        <property name="hibernate.c3p0.timeout">300</property>
        <property name="hibernate.c3p0.max_statements">50</property>
        <property name="hibernate.c3p0.idle_test_period">3000</property>

        <!-- SQL dialect -->
        <property name="hibernate.dialect">org.hibernate.dialect.MySQL8Dialect</property>

        <!-- Automatic schema generation -->
        <property name="hbm2ddl.auto">update</property>

        <!-- Show SQL statements -->
        <property name="hibernate.show_sql">true</property>
        <property name="hibernate.format_sql">true</property>

        <!-- Mapping classes -->
        <mapping class="com.anudip.TravelAndTurismoManagementSystem.Booking"/>
        <mapping class="com.anudip.TravelAndTurismoManagementSystem.Hotel"/>
        <mapping class="com.anudip.TravelAndTurismoManagementSystem.Payment"/>
        <mapping class="com.anudip.TravelAndTurismoManagementSystem.Room"/>
        <mapping class="com.anudip.TravelAndTurismoManagementSystem.TourDate"/>
        <mapping class="com.anudip.TravelAndTurismoManagementSystem.TourPackage"/>
        <mapping class="com.anudip.TravelAndTurismoManagementSystem.Transportation"/>
        <mapping class="com.anudip.TravelAndTurismoManagementSystem.User"/>
    </session-factory>
</hibernate-configuration>
